{"cameraMode":{"drawMode":0,"name":"Shaded","section":"Shading Mode"},"sceneLighting":false,"audioPlay":false,"sceneViewState":{"showFog":true,"showMaterialUpdate":false,"showSkybox":true,"showFlares":true,"showImageEffects":true,"showParticleSystems":true},"in2DMode":false,"pivot":{"x":1.5395097732543946,"y":0.09191566705703736,"z":-2.0391523838043215},"rotation":{"x":-0.04138827323913574,"y":0.9141281247138977,"z":-0.09662401676177979,"w":-0.3915618062019348},"size":0.6538275480270386,"orthographic":false}