{"cameraMode":{"drawMode":0,"name":"Shaded","section":"Shading Mode"},"sceneLighting":false,"audioPlay":false,"sceneViewState":{"showFog":true,"showMaterialUpdate":false,"showSkybox":true,"showFlares":true,"showImageEffects":true,"showParticleSystems":true},"in2DMode":false,"pivot":{"x":1.7271703481674195,"y":0.09575425833463669,"z":-2.291038990020752},"rotation":{"x":-0.04147707298398018,"y":0.9090430736541748,"z":-0.09332980960607529,"w":-0.40399250388145449},"size":0.953827440738678,"orthographic":false}