{"cameraMode":{"drawMode":0,"name":"Shaded","section":"Shading Mode"},"sceneLighting":true,"audioPlay":false,"sceneViewState":{"showFog":true,"showMaterialUpdate":false,"showSkybox":true,"showFlares":true,"showImageEffects":true,"showParticleSystems":true},"in2DMode":false,"pivot":{"x":-0.9302639961242676,"y":2.4041244983673097,"z":-0.22436189651489259},"rotation":{"x":-0.04147707298398018,"y":0.9090430736541748,"z":-0.09332980960607529,"w":-0.40399250388145449},"size":10.0,"orthographic":false}